Name,TotalReads,MappedReads,DupReads,MapP,DupP
A1,124627234,122552014,17732465,98.33485833441509,14.469337892725287
A2,105927610,104101265,14351663,98.27585555833838,13.786252261199708
A4,124615968,122539969,18052841,98.33408267550432,14.732206273040592
A3,112181892,110320574,17288536,98.34080352290725,15.671180246034616
